ProductID,Category,SubCategory
OFF-AR-10002956,Office Supplies,Art
OFF-BI-10001900,Office Supplies,Binders
OFF-PA-10001166,Office Supplies,Paper
OFF-PA-10003953,Office Supplies,Paper
OFF-PA-10004947,Office Supplies,Paper
TEC-PH-10003092,Technology,Phones
TEC-PH-10003655,Technology,Phones
FUR-BO-10002268,Furniture,Bookcases
OFF-BI-10001267,Office Supplies,Binders
OFF-BI-10001757,Office Supplies,Binders
OFF-LA-10003498,Office Supplies,Labels
OFF-PA-10002751,Office Supplies,Paper
OFF-PA-10003001,Office Supplies,Paper
OFF-ST-10000642,Office Supplies,Storage
FUR-FU-10001940,Furniture,Furnishings
FUR-FU-10004973,Furniture,Furnishings
OFF-AR-10003811,Office Supplies,Art
OFF-LA-10000443,Office Supplies,Labels
OFF-PA-10000007,Office Supplies,Paper
OFF-ST-10004123,Office Supplies,Storage
TEC-AC-10004761,Technology,Accessories
FUR-CH-10002126,Furniture,Chairs
OFF-AP-10002403,Office Supplies,Appliances
OFF-AR-10004511,Office Supplies,Art
OFF-BI-10000948,Office Supplies,Binders
TEC-AC-10001383,Technology,Accessories
FUR-FU-10000221,Furniture,Furnishings
FUR-FU-10000965,Furniture,Furnishings
OFF-BI-10002429,Office Supplies,Binders
OFF-PA-10001790,Office Supplies,Paper
OFF-ST-10001780,Office Supplies,Storage
TEC-AC-10001635,Technology,Accessories
FUR-FU-10000550,Furniture,Furnishings
FUR-FU-10004748,Furniture,Furnishings
FUR-TA-10000198,Furniture,Tables
OFF-AR-10001725,Office Supplies,Art
OFF-LA-10000407,Office Supplies,Labels
OFF-PA-10003363,Office Supplies,Paper
OFF-AP-10000055,Office Supplies,Appliances
OFF-AR-10001216,Office Supplies,Art
OFF-AR-10003478,Office Supplies,Art
OFF-BI-10002309,Office Supplies,Binders
TEC-PH-10004165,Technology,Phones
TEC-PH-10004447,Technology,Phones
FUR-TA-10000849,Furniture,Tables
OFF-AR-10003876,Office Supplies,Art
OFF-BI-10001636,Office Supplies,Binders
OFF-PA-10001639,Office Supplies,Paper
OFF-PA-10004243,Office Supplies,Paper
OFF-ST-10003641,Office Supplies,Storage
FUR-FU-10003039,Furniture,Furnishings
FUR-FU-10003577,Furniture,Furnishings
OFF-AP-10002518,Office Supplies,Appliances
OFF-AR-10004269,Office Supplies,Art
OFF-BI-10004492,Office Supplies,Binders
OFF-LA-10000262,Office Supplies,Labels
TEC-PH-10001557,Technology,Phones
FUR-CH-10001973,Furniture,Chairs
FUR-CH-10004675,Furniture,Chairs
FUR-FU-10000308,Furniture,Furnishings
OFF-AR-10001022,Office Supplies,Art
TEC-MA-10001570,Technology,Machines
FUR-FU-10000277,Furniture,Furnishings
OFF-AR-10003770,Office Supplies,Art
OFF-AR-10004078,Office Supplies,Art
OFF-LA-10001074,Office Supplies,Labels
OFF-PA-10001954,Office Supplies,Paper
TEC-MA-10004255,Technology,Machines
FUR-FU-10000448,Furniture,Furnishings
OFF-BI-10004364,Office Supplies,Binders
OFF-EN-10001219,Office Supplies,Envelopes
OFF-ST-10001291,Office Supplies,Storage
TEC-AC-10001013,Technology,Accessories
FUR-FU-10003347,Furniture,Furnishings
FUR-FU-10004306,Furniture,Furnishings
FUR-TA-10002356,Furniture,Tables
OFF-PA-10001776,Office Supplies,Paper
OFF-PA-10002246,Office Supplies,Paper
OFF-BI-10002794,Office Supplies,Binders
OFF-BI-10003091,Office Supplies,Binders
OFF-BI-10003656,Office Supplies,Binders
OFF-SU-10000646,Office Supplies,Supplies
TEC-AC-10002380,Technology,Accessories
TEC-PH-10004924,Technology,Phones
FUR-CH-10000513,Furniture,Chairs
OFF-BI-10002854,Office Supplies,Binders
OFF-BI-10002954,Office Supplies,Binders
OFF-PA-10001870,Office Supplies,Paper
OFF-ST-10003572,Office Supplies,Storage
TEC-AC-10003447,Technology,Accessories
TEC-PH-10003215,Technology,Phones
FUR-CH-10000595,Furniture,Chairs
OFF-AR-10001988,Office Supplies,Art
OFF-AR-10004685,Office Supplies,Art
OFF-PA-10004039,Office Supplies,Paper
OFF-ST-10000918,Office Supplies,Storage
OFF-ST-10004950,Office Supplies,Storage
TEC-MA-10004552,Technology,Machines
OFF-BI-10002931,Office Supplies,Binders
OFF-BI-10002982,Office Supplies,Binders
OFF-EN-10002504,Office Supplies,Envelopes
OFF-PA-10001144,Office Supplies,Paper
OFF-PA-10001274,Office Supplies,Paper
TEC-AC-10002550,Technology,Accessories
TEC-PH-10003963,Technology,Phones
FUR-CH-10002335,Furniture,Chairs
FUR-TA-10004147,Furniture,Tables
OFF-AP-10003971,Office Supplies,Appliances
OFF-AR-10000380,Office Supplies,Art
OFF-EN-10004147,Office Supplies,Envelopes
OFF-PA-10004569,Office Supplies,Paper
OFF-PA-10004948,Office Supplies,Paper
FUR-FU-10002508,Furniture,Furnishings
FUR-FU-10004586,Furniture,Furnishings
OFF-AR-10003696,Office Supplies,Art
OFF-LA-10004484,Office Supplies,Labels
OFF-PA-10003256,Office Supplies,Paper
OFF-PA-10004734,Office Supplies,Paper
TEC-AC-10004353,Technology,Accessories
FUR-BO-10003272,Furniture,Bookcases
FUR-FU-10003374,Furniture,Furnishings
FUR-TA-10004154,Furniture,Tables
OFF-AR-10003903,Office Supplies,Art
OFF-FA-10002763,Office Supplies,Fasteners
TEC-PH-10002114,Technology,Phones
FUR-CH-10000553,Furniture,Chairs
FUR-CH-10002073,Furniture,Chairs
OFF-BI-10003527,Office Supplies,Binders
OFF-EN-10001990,Office Supplies,Envelopes
OFF-PA-10003228,Office Supplies,Paper
TEC-AC-10000199,Technology,Accessories
TEC-CO-10001943,Technology,Copiers
FUR-BO-10002613,Furniture,Bookcases
OFF-AR-10004456,Office Supplies,Art
OFF-BI-10001765,Office Supplies,Binders
OFF-BI-10002764,Office Supplies,Binders
OFF-EN-10003072,Office Supplies,Envelopes
OFF-PA-10004621,Office Supplies,Paper
FUR-FU-10000629,Furniture,Furnishings
FUR-TA-10001676,Furniture,Tables
FUR-TA-10001768,Furniture,Tables
OFF-BI-10001036,Office Supplies,Binders
OFF-BI-10001628,Office Supplies,Binders
OFF-LA-10000121,Office Supplies,Labels
OFF-PA-10000308,Office Supplies,Paper
FUR-FU-10001475,Furniture,Furnishings
FUR-FU-10004960,Furniture,Furnishings
OFF-ST-10004963,Office Supplies,Storage
TEC-MA-10000045,Technology,Machines
TEC-MA-10003353,Technology,Machines
TEC-PH-10000369,Technology,Phones
TEC-PH-10001299,Technology,Phones
FUR-FU-10001546,Furniture,Furnishings
OFF-EN-10003798,Office Supplies,Envelopes
OFF-PA-10000100,Office Supplies,Paper
OFF-PA-10001471,Office Supplies,Paper
OFF-PA-10002245,Office Supplies,Paper
OFF-SU-10004768,Office Supplies,Supplies
TEC-PH-10004100,Technology,Phones
FUR-FU-10001706,Furniture,Furnishings
OFF-AR-10000817,Office Supplies,Art
OFF-BI-10003669,Office Supplies,Binders
OFF-PA-10004609,Office Supplies,Paper
OFF-SU-10001574,Office Supplies,Supplies
TEC-PH-10003356,Technology,Phones
TEC-PH-10003442,Technology,Phones
FUR-BO-10001918,Furniture,Bookcases
FUR-FU-10003553,Furniture,Furnishings
FUR-FU-10004909,Furniture,Furnishings
OFF-AP-10003860,Office Supplies,Appliances
OFF-AR-10003338,Office Supplies,Art
OFF-AR-10003469,Office Supplies,Art
OFF-BI-10000962,Office Supplies,Binders
OFF-BI-10001721,Office Supplies,Binders
OFF-FA-10004076,Office Supplies,Fasteners
TEC-AC-10002335,Technology,Accessories
TEC-PH-10002352,Technology,Phones
TEC-PH-10003484,Technology,Phones
FUR-FU-10003731,Furniture,Furnishings
FUR-FU-10003798,Furniture,Furnishings
FUR-FU-10004587,Furniture,Furnishings
OFF-BI-10000088,Office Supplies,Binders
OFF-BI-10002813,Office Supplies,Binders
OFF-BI-10003355,Office Supplies,Binders
OFF-FA-10000304,Office Supplies,Fasteners
OFF-PA-10000210,Office Supplies,Paper
OFF-PA-10001972,Office Supplies,Paper
OFF-ST-10002214,Office Supplies,Storage
OFF-ST-10002344,Office Supplies,Storage
OFF-SU-10001218,Office Supplies,Supplies
TEC-AC-10004469,Technology,Accessories
FUR-BO-10003450,Furniture,Bookcases
FUR-FU-10000293,Furniture,Furnishings
FUR-FU-10002045,Furniture,Furnishings
FUR-FU-10003247,Furniture,Furnishings
OFF-AP-10002892,Office Supplies,Appliances
OFF-AR-10002987,Office Supplies,Art
OFF-BI-10002706,Office Supplies,Binders
OFF-LA-10001158,Office Supplies,Labels
OFF-PA-10001204,Office Supplies,Paper
OFF-PA-10001667,Office Supplies,Paper
OFF-PA-10004733,Office Supplies,Paper
TEC-AC-10002253,Technology,Accessories
FUR-CH-10001545,Furniture,Chairs
OFF-AP-10002287,Office Supplies,Appliances
OFF-BI-10004094,Office Supplies,Binders
OFF-PA-10000143,Office Supplies,Paper
OFF-PA-10001837,Office Supplies,Paper
OFF-PA-10001977,Office Supplies,Paper
OFF-PA-10004438,Office Supplies,Paper
OFF-ST-10000344,Office Supplies,Storage
OFF-ST-10000615,Office Supplies,Storage
OFF-ST-10002289,Office Supplies,Storage
OFF-ST-10002352,Office Supplies,Storage
TEC-AC-10003033,Technology,Accessories
FUR-FU-10000193,Furniture,Furnishings
OFF-AP-10000938,Office Supplies,Appliances
OFF-AP-10004540,Office Supplies,Appliances
OFF-AR-10001468,Office Supplies,Art
OFF-BI-10001249,Office Supplies,Binders
OFF-BI-10002432,Office Supplies,Binders
OFF-BI-10003684,Office Supplies,Binders
OFF-PA-10000232,Office Supplies,Paper
TEC-AC-10001590,Technology,Accessories
TEC-AC-10002942,Technology,Accessories
TEC-PH-10001061,Technology,Phones
TEC-PH-10001536,Technology,Phones
FUR-FU-10000747,Furniture,Furnishings
FUR-FU-10002963,Furniture,Furnishings
FUR-FU-10003849,Furniture,Furnishings
FUR-FU-10004093,Furniture,Furnishings
OFF-BI-10000069,Office Supplies,Binders
OFF-BI-10001196,Office Supplies,Binders
OFF-BI-10004967,Office Supplies,Binders
OFF-ST-10000321,Office Supplies,Storage
TEC-AC-10003628,Technology,Accessories
TEC-AC-10003832,Technology,Accessories
TEC-PH-10003357,Technology,Phones
TEC-PH-10003800,Technology,Phones
FUR-BO-10004467,Furniture,Bookcases
FUR-CH-10004754,Furniture,Chairs
FUR-FU-10000397,Furniture,Furnishings
FUR-FU-10002116,Furniture,Furnishings
OFF-AR-10000122,Office Supplies,Art
OFF-AR-10003752,Office Supplies,Art
OFF-BI-10002026,Office Supplies,Binders
OFF-BI-10004352,Office Supplies,Binders
OFF-LA-10001175,Office Supplies,Labels
OFF-PA-10003641,Office Supplies,Paper
OFF-SU-10001212,Office Supplies,Supplies
OFF-SU-10004737,Office Supplies,Supplies
TEC-AC-10002800,Technology,Accessories
FUR-FU-10004712,Furniture,Furnishings
FUR-TA-10001039,Furniture,Tables
OFF-AR-10004165,Office Supplies,Art
OFF-BI-10000848,Office Supplies,Binders
OFF-BI-10004728,Office Supplies,Binders
OFF-LA-10003148,Office Supplies,Labels
OFF-PA-10000807,Office Supplies,Paper
OFF-PA-10004353,Office Supplies,Paper
TEC-AC-10001772,Technology,Accessories
TEC-AC-10004814,Technology,Accessories
TEC-MA-10004086,Technology,Machines
FUR-BO-10003893,Furniture,Bookcases
FUR-CH-10002317,Furniture,Chairs
FUR-FU-10001986,Furniture,Furnishings
OFF-ST-10001418,Office Supplies,Storage
OFF-ST-10002485,Office Supplies,Storage
TEC-MA-10000752,Technology,Machines
TEC-MA-10003493,Technology,Machines
TEC-PH-10003885,Technology,Phones
FUR-FU-10002501,Furniture,Furnishings
FUR-FU-10002813,Furniture,Furnishings
OFF-AR-10001227,Office Supplies,Art
OFF-AR-10001419,Office Supplies,Art
OFF-AR-10003631,Office Supplies,Art
OFF-AR-10003759,Office Supplies,Art
OFF-AR-10004344,Office Supplies,Art
OFF-AR-10004707,Office Supplies,Art
OFF-BI-10004308,Office Supplies,Binders
OFF-BI-10004656,Office Supplies,Binders
OFF-EN-10002500,Office Supplies,Envelopes
OFF-FA-10000840,Office Supplies,Fasteners
OFF-FA-10002975,Office Supplies,Fasteners
TEC-PH-10003691,Technology,Phones
FUR-FU-10003192,Furniture,Furnishings
OFF-AP-10002578,Office Supplies,Appliances
OFF-AP-10002906,Office Supplies,Appliances
OFF-BI-10004330,Office Supplies,Binders
OFF-BI-10004410,Office Supplies,Binders
OFF-PA-10001307,Office Supplies,Paper
OFF-PA-10002586,Office Supplies,Paper
OFF-PA-10004381,Office Supplies,Paper
OFF-ST-10002554,Office Supplies,Storage
TEC-PH-10002170,Technology,Phones
FUR-FU-10001290,Furniture,Furnishings
FUR-TA-10004607,Furniture,Tables
OFF-AR-10001615,Office Supplies,Art
OFF-AR-10004010,Office Supplies,Art
OFF-BI-10003655,Office Supplies,Binders
OFF-BI-10004632,Office Supplies,Binders
OFF-PA-10000418,Office Supplies,Paper
OFF-PA-10002923,Office Supplies,Paper
TEC-AC-10002049,Technology,Accessories
TEC-PH-10001051,Technology,Phones
TEC-PH-10003601,Technology,Phones
TEC-PH-10004667,Technology,Phones
FUR-BO-10002824,Furniture,Bookcases
FUR-TA-10002774,Furniture,Tables
OFF-AR-10003373,Office Supplies,Art
OFF-BI-10002412,Office Supplies,Binders
OFF-BI-10003274,Office Supplies,Binders
OFF-BI-10003350,Office Supplies,Binders
OFF-BI-10004002,Office Supplies,Binders
OFF-PA-10001289,Office Supplies,Paper
OFF-ST-10003656,Office Supplies,Storage
TEC-MA-10004679,Technology,Machines
TEC-PH-10003589,Technology,Phones
FUR-FU-10002157,Furniture,Furnishings
FUR-FU-10004848,Furniture,Furnishings
FUR-TA-10000617,Furniture,Tables
OFF-AP-10001947,Office Supplies,Appliances
OFF-LA-10000081,Office Supplies,Labels
OFF-AP-10001563,Office Supplies,Appliances
OFF-AR-10001315,Office Supplies,Art
OFF-PA-10000466,Office Supplies,Paper
OFF-PA-10004092,Office Supplies,Paper
TEC-AC-10000991,Technology,Accessories
FUR-FU-10003806,Furniture,Furnishings
OFF-AR-10002833,Office Supplies,Art
OFF-PA-10000213,Office Supplies,Paper
OFF-PA-10002254,Office Supplies,Paper
OFF-ST-10002205,Office Supplies,Storage
TEC-PH-10000215,Technology,Phones
FUR-CH-10002372,Furniture,Chairs
FUR-FU-10001057,Furniture,Furnishings
OFF-LA-10003121,Office Supplies,Labels
OFF-PA-10000552,Office Supplies,Paper
OFF-ST-10003306,Office Supplies,Storage
OFF-SU-10000157,Office Supplies,Supplies
FUR-FU-10001488,Furniture,Furnishings
OFF-LA-10002762,Office Supplies,Labels
OFF-ST-10001172,Office Supplies,Storage
TEC-MA-10003066,Technology,Machines
TEC-MA-10003673,Technology,Machines
OFF-BI-10000145,Office Supplies,Binders
OFF-BI-10002437,Office Supplies,Binders
OFF-BI-10003291,Office Supplies,Binders
OFF-PA-10003349,Office Supplies,Paper
OFF-PA-10004359,Office Supplies,Paper
FUR-FU-10002396,Furniture,Furnishings
OFF-AP-10000692,Office Supplies,Appliances
OFF-BI-10004654,Office Supplies,Binders
OFF-FA-10003495,Office Supplies,Fasteners
TEC-PH-10001363,Technology,Phones
OFF-PA-10000565,Office Supplies,Paper
OFF-PA-10002319,Office Supplies,Paper
OFF-ST-10001505,Office Supplies,Storage
TEC-MA-10003173,Technology,Machines
TEC-PH-10002824,Technology,Phones
OFF-AR-10000127,Office Supplies,Art
OFF-AR-10000203,Office Supplies,Art
OFF-BI-10004716,Office Supplies,Binders
OFF-EN-10003055,Office Supplies,Envelopes
TEC-CO-10003236,Technology,Copiers
OFF-AR-10002053,Office Supplies,Art
OFF-BI-10000404,Office Supplies,Binders
OFF-PA-10001461,Office Supplies,Paper
OFF-ST-10004835,Office Supplies,Storage
FUR-CH-10000863,Furniture,Chairs
FUR-TA-10004086,Furniture,Tables
OFF-LA-10004008,Office Supplies,Labels
OFF-PA-10000575,Office Supplies,Paper
OFF-PA-10001457,Office Supplies,Paper
FUR-BO-10000711,Furniture,Bookcases
OFF-AR-10001473,Office Supplies,Art
OFF-PA-10001497,Office Supplies,Paper
TEC-AC-10001606,Technology,Accessories
TEC-PH-10004959,Technology,Phones
FUR-TA-10002903,Furniture,Tables
OFF-AP-10004785,Office Supplies,Appliances
OFF-ST-10001932,Office Supplies,Storage
TEC-PH-10004345,Technology,Phones
FUR-FU-10003930,Furniture,Furnishings
OFF-AP-10001391,Office Supplies,Appliances
OFF-AR-10002656,Office Supplies,Art
OFF-AR-10003179,Office Supplies,Art
OFF-AR-10003481,Office Supplies,Art
OFF-LA-10003388,Office Supplies,Labels
OFF-LA-10003510,Office Supplies,Labels
OFF-ST-10003455,Office Supplies,Storage
TEC-AC-10001956,Technology,Accessories
TEC-AC-10002473,Technology,Accessories
TEC-PH-10003875,Technology,Phones
TEC-PH-10004536,Technology,Phones
TEC-PH-10004922,Technology,Phones
OFF-AP-10002651,Office Supplies,Appliances
OFF-BI-10002012,Office Supplies,Binders
OFF-EN-10004955,Office Supplies,Envelopes
OFF-LA-10004093,Office Supplies,Labels
OFF-PA-10004239,Office Supplies,Paper
OFF-ST-10004180,Office Supplies,Storage
OFF-SU-10004231,Office Supplies,Supplies
TEC-AC-10002558,Technology,Accessories
TEC-MA-10000864,Technology,Machines
TEC-MA-10003246,Technology,Machines
TEC-PH-10000169,Technology,Phones
TEC-PH-10001459,Technology,Phones
TEC-PH-10001944,Technology,Phones
TEC-PH-10003187,Technology,Phones
FUR-BO-10000330,Furniture,Bookcases
FUR-BO-10004690,Furniture,Bookcases
FUR-TA-10002533,Furniture,Tables
OFF-AR-10002399,Office Supplies,Art
OFF-EN-10001141,Office Supplies,Envelopes
OFF-EN-10001535,Office Supplies,Envelopes
OFF-EN-10002230,Office Supplies,Envelopes
OFF-EN-10002621,Office Supplies,Envelopes
OFF-LA-10003537,Office Supplies,Labels
OFF-LA-10003923,Office Supplies,Labels
OFF-LA-10004178,Office Supplies,Labels
OFF-PA-10000788,Office Supplies,Paper
OFF-PA-10001534,Office Supplies,Paper
OFF-PA-10003063,Office Supplies,Paper
OFF-ST-10004258,Office Supplies,Storage
OFF-AP-10001366,Office Supplies,Appliances
OFF-AR-10001573,Office Supplies,Art
OFF-AR-10002445,Office Supplies,Art
OFF-BI-10002824,Office Supplies,Binders
OFF-BI-10003305,Office Supplies,Binders
OFF-FA-10004248,Office Supplies,Fasteners
OFF-LA-10001771,Office Supplies,Labels
OFF-LA-10002945,Office Supplies,Labels
OFF-PA-10001033,Office Supplies,Paper
OFF-PA-10001357,Office Supplies,Paper
OFF-ST-10001490,Office Supplies,Storage
TEC-MA-10003329,Technology,Machines
TEC-PH-10000562,Technology,Phones
TEC-PH-10003931,Technology,Phones
TEC-PH-10004586,Technology,Phones
FUR-CH-10003981,Furniture,Chairs
FUR-FU-10001967,Furniture,Furnishings
OFF-AR-10001446,Office Supplies,Art
OFF-BI-10000138,Office Supplies,Binders
OFF-BI-10003963,Office Supplies,Binders
OFF-FA-10000611,Office Supplies,Fasteners
OFF-PA-10000357,Office Supplies,Paper
OFF-PA-10004911,Office Supplies,Paper
OFF-SU-10000898,Office Supplies,Supplies
TEC-AC-10002305,Technology,Accessories
TEC-PH-10000526,Technology,Phones
TEC-PH-10000560,Technology,Phones
FUR-CH-10000309,Furniture,Chairs
FUR-CH-10000454,Furniture,Chairs
OFF-BI-10000014,Office Supplies,Binders
OFF-BI-10000042,Office Supplies,Binders
OFF-BI-10001072,Office Supplies,Binders
OFF-FA-10002815,Office Supplies,Fasteners
OFF-PA-10000682,Office Supplies,Paper
OFF-PA-10001970,Office Supplies,Paper
OFF-PA-10004071,Office Supplies,Paper
OFF-ST-10000352,Office Supplies,Storage
OFF-ST-10002574,Office Supplies,Storage
TEC-AC-10004571,Technology,Accessories
TEC-MA-10002412,Technology,Machines
FUR-CH-10001270,Furniture,Chairs
OFF-AP-10004532,Office Supplies,Appliances
OFF-BI-10001308,Office Supplies,Binders
OFF-FA-10002983,Office Supplies,Fasteners
OFF-PA-10000062,Office Supplies,Paper
OFF-PA-10000726,Office Supplies,Paper
OFF-PA-10001593,Office Supplies,Paper
OFF-PA-10002036,Office Supplies,Paper
OFF-ST-10001713,Office Supplies,Storage
TEC-AC-10001553,Technology,Accessories
TEC-AC-10001990,Technology,Accessories
TEC-AC-10004901,Technology,Accessories
FUR-FU-10003832,Furniture,Furnishings
FUR-TA-10002855,Furniture,Tables
OFF-AP-10002222,Office Supplies,Appliances
OFF-AP-10002734,Office Supplies,Appliances
OFF-AR-10003183,Office Supplies,Art
OFF-PA-10000223,Office Supplies,Paper
OFF-PA-10000295,Office Supplies,Paper
OFF-PA-10004530,Office Supplies,Paper
OFF-SU-10003505,Office Supplies,Supplies
TEC-AC-10000865,Technology,Accessories
TEC-AC-10004114,Technology,Accessories
TEC-MA-10002930,Technology,Machines
TEC-PH-10003645,Technology,Phones
FUR-BO-10004357,Furniture,Bookcases
FUR-CH-10002331,Furniture,Chairs
FUR-FU-10000320,Furniture,Furnishings
FUR-FU-10001918,Furniture,Furnishings
FUR-TA-10004534,Furniture,Tables
OFF-AP-10001394,Office Supplies,Appliances
OFF-BI-10002160,Office Supplies,Binders
OFF-FA-10003112,Office Supplies,Fasteners
OFF-PA-10003739,Office Supplies,Paper
OFF-PA-10004355,Office Supplies,Paper
OFF-PA-10004405,Office Supplies,Paper
TEC-AC-10004227,Technology,Accessories
TEC-PH-10001817,Technology,Phones
TEC-PH-10002922,Technology,Phones
FUR-CH-10004086,Furniture,Chairs
FUR-FU-10000820,Furniture,Furnishings
FUR-FU-10003194,Furniture,Furnishings
FUR-TA-10001950,Furniture,Tables
OFF-AP-10001634,Office Supplies,Appliances
OFF-AR-10003582,Office Supplies,Art
OFF-PA-10002105,Office Supplies,Paper
OFF-ST-10001627,Office Supplies,Storage
OFF-ST-10001809,Office Supplies,Storage
TEC-AC-10002399,Technology,Accessories
TEC-MA-10004626,Technology,Machines
TEC-PH-10001918,Technology,Phones
FUR-FU-10000206,Furniture,Furnishings
FUR-TA-10000688,Furniture,Tables
FUR-TA-10003715,Furniture,Tables
OFF-AP-10000027,Office Supplies,Appliances
OFF-AP-10002311,Office Supplies,Appliances
OFF-AP-10003914,Office Supplies,Appliances
OFF-AR-10004974,Office Supplies,Art
OFF-EN-10001137,Office Supplies,Envelopes
OFF-LA-10004559,Office Supplies,Labels
OFF-PA-10000289,Office Supplies,Paper
OFF-ST-10002406,Office Supplies,Storage
TEC-AC-10004666,Technology,Accessories
FUR-BO-10001608,Furniture,Bookcases
FUR-FU-10002253,Furniture,Furnishings
FUR-TA-10003392,Furniture,Tables
OFF-BI-10004040,Office Supplies,Binders
OFF-BI-10004593,Office Supplies,Binders
OFF-FA-10004838,Office Supplies,Fasteners
OFF-LA-10003720,Office Supplies,Labels
OFF-PA-10003724,Office Supplies,Paper
OFF-PA-10004451,Office Supplies,Paper
OFF-PA-10004675,Office Supplies,Paper
OFF-SU-10002522,Office Supplies,Supplies
TEC-AC-10003441,Technology,Accessories
TEC-CO-10000971,Technology,Copiers
FUR-CH-10003746,Furniture,Chairs
FUR-FU-10002685,Furniture,Furnishings
FUR-FU-10002960,Furniture,Furnishings
OFF-AP-10001124,Office Supplies,Appliances
OFF-AR-10003732,Office Supplies,Art
OFF-BI-10004001,Office Supplies,Binders
OFF-BI-10004970,Office Supplies,Binders
OFF-ST-10001476,Office Supplies,Storage
OFF-ST-10002292,Office Supplies,Storage
OFF-SU-10004261,Office Supplies,Supplies
OFF-AR-10001026,Office Supplies,Art
OFF-AR-10001427,Office Supplies,Art
OFF-FA-10001561,Office Supplies,Fasteners
TEC-MA-10002109,Technology,Machines
OFF-AR-10000255,Office Supplies,Art
OFF-AR-10000462,Office Supplies,Art
OFF-PA-10001184,Office Supplies,Paper
OFF-PA-10003729,Office Supplies,Paper
TEC-PH-10000004,Technology,Phones
FUR-FU-10003664,Furniture,Furnishings
FUR-TA-10004619,Furniture,Tables
OFF-BI-10001617,Office Supplies,Binders
TEC-PH-10002447,Technology,Phones
OFF-BI-10001525,Office Supplies,Binders
OFF-ST-10002182,Office Supplies,Storage
TEC-MA-10004002,Technology,Machines
FUR-BO-10000780,Furniture,Bookcases
TEC-MA-10000488,Technology,Machines
FUR-FU-10000023,Furniture,Furnishings
OFF-AR-10003251,Office Supplies,Art
OFF-AR-10004956,Office Supplies,Art
OFF-BI-10001132,Office Supplies,Binders
OFF-BI-10003429,Office Supplies,Binders
OFF-LA-10003930,Office Supplies,Labels
OFF-ST-10003722,Office Supplies,Storage
TEC-AC-10000420,Technology,Accessories
TEC-AC-10000844,Technology,Accessories
TEC-PH-10000586,Technology,Phones
FUR-FU-10001935,Furniture,Furnishings
FUR-TA-10003473,Furniture,Tables
OFF-AP-10002439,Office Supplies,Appliances
OFF-AP-10002670,Office Supplies,Appliances
OFF-EN-10004007,Office Supplies,Envelopes
OFF-PA-10002968,Office Supplies,Paper
TEC-AC-10002402,Technology,Accessories
TEC-AC-10003198,Technology,Accessories
TEC-MA-10003589,Technology,Machines
TEC-PH-10003535,Technology,Phones
FUR-TA-10001705,Furniture,Tables
OFF-AP-10000696,Office Supplies,Appliances
OFF-AP-10001303,Office Supplies,Appliances
OFF-AR-10004691,Office Supplies,Art
OFF-BI-10001575,Office Supplies,Binders
OFF-FA-10002676,Office Supplies,Fasteners
OFF-PA-10002713,Office Supplies,Paper
TEC-PH-10000127,Technology,Phones
TEC-PH-10001527,Technology,Phones
TEC-PH-10002885,Technology,Phones
FUR-FU-10004018,Furniture,Furnishings
FUR-FU-10004091,Furniture,Furnishings
OFF-PA-10000304,Office Supplies,Paper
OFF-PA-10001363,Office Supplies,Paper
OFF-PA-10002365,Office Supplies,Paper
OFF-PA-10002581,Office Supplies,Paper
OFF-PA-10002870,Office Supplies,Paper
OFF-ST-10000107,Office Supplies,Storage
OFF-ST-10004340,Office Supplies,Storage
TEC-MA-10004125,Technology,Machines
TEC-PH-10001448,Technology,Phones
FUR-CH-10002880,Furniture,Chairs
FUR-TA-10003569,Furniture,Tables
OFF-AP-10000828,Office Supplies,Appliances
OFF-BI-10000216,Office Supplies,Binders
OFF-BI-10000778,Office Supplies,Binders
OFF-PA-10001801,Office Supplies,Paper
OFF-PA-10003651,Office Supplies,Paper
OFF-ST-10001580,Office Supplies,Storage
TEC-AC-10004992,Technology,Accessories
TEC-CO-10002313,Technology,Copiers
TEC-PH-10001619,Technology,Phones
FUR-FU-10001756,Furniture,Furnishings
FUR-FU-10004270,Furniture,Furnishings
FUR-FU-10004665,Furniture,Furnishings
OFF-AP-10001271,Office Supplies,Appliances
OFF-AR-10000475,Office Supplies,Art
OFF-BI-10003314,Office Supplies,Binders
OFF-EN-10004459,Office Supplies,Envelopes
OFF-ST-10003816,Office Supplies,Storage
TEC-AC-10002926,Technology,Accessories
FUR-BO-10003660,Furniture,Bookcases
FUR-CH-10002647,Furniture,Chairs
FUR-FU-10000521,Furniture,Furnishings
FUR-FU-10002379,Furniture,Furnishings
OFF-BI-10002225,Office Supplies,Binders
OFF-ST-10001526,Office Supplies,Storage
TEC-AC-10000521,Technology,Accessories
TEC-PH-10001530,Technology,Phones
TEC-PH-10002070,Technology,Phones
FUR-FU-10002111,Furniture,Furnishings
OFF-AR-10001954,Office Supplies,Art
OFF-AR-10003158,Office Supplies,Art
OFF-EN-10004483,Office Supplies,Envelopes
OFF-FA-10000735,Office Supplies,Fasteners
OFF-LA-10000305,Office Supplies,Labels
OFF-PA-10000174,Office Supplies,Paper
OFF-PA-10001019,Office Supplies,Paper
OFF-PA-10003919,Office Supplies,Paper
OFF-ST-10000060,Office Supplies,Storage
OFF-ST-10000585,Office Supplies,Storage
FUR-FU-10003274,Furniture,Furnishings
OFF-BI-10002103,Office Supplies,Binders
OFF-PA-10001752,Office Supplies,Paper
OFF-ST-10000777,Office Supplies,Storage
TEC-AC-10001314,Technology,Accessories
TEC-AC-10004171,Technology,Accessories
TEC-CO-10004202,Technology,Copiers
TEC-PH-10001835,Technology,Phones
TEC-PH-10002597,Technology,Phones
FUR-FU-10001731,Furniture,Furnishings
OFF-AP-10000326,Office Supplies,Appliances
OFF-AP-10001242,Office Supplies,Appliances
OFF-AR-10001953,Office Supplies,Art
OFF-LA-10003766,Office Supplies,Labels
OFF-PA-10000587,Office Supplies,Paper
OFF-PA-10002222,Office Supplies,Paper
OFF-ST-10004804,Office Supplies,Storage
TEC-MA-10004212,Technology,Machines
FUR-FU-10002937,Furniture,Furnishings
FUR-TA-10003008,Furniture,Tables
OFF-BI-10003718,Office Supplies,Binders
OFF-BI-10004141,Office Supplies,Binders
OFF-EN-10001749,Office Supplies,Envelopes
OFF-LA-10003223,Office Supplies,Labels
OFF-PA-10001560,Office Supplies,Paper
OFF-PA-10004983,Office Supplies,Paper
TEC-AC-10001542,Technology,Accessories
TEC-PH-10002645,Technology,Phones
FUR-CH-10002320,Furniture,Chairs
FUR-FU-10003799,Furniture,Furnishings
FUR-TA-10004152,Furniture,Tables
OFF-BI-10003529,Office Supplies,Binders
OFF-BI-10004233,Office Supplies,Binders
OFF-EN-10002831,Office Supplies,Envelopes
OFF-ST-10002583,Office Supplies,Storage
TEC-AC-10000171,Technology,Accessories
TEC-PH-10001809,Technology,Phones
FUR-FU-10001424,Furniture,Furnishings
FUR-FU-10002364,Furniture,Furnishings
OFF-AR-10000614,Office Supplies,Art
OFF-EN-10003001,Office Supplies,Envelopes
OFF-LA-10002271,Office Supplies,Labels
OFF-PA-10002479,Office Supplies,Paper
TEC-AC-10000023,Technology,Accessories
TEC-AC-10002006,Technology,Accessories
TEC-AC-10003499,Technology,Accessories
FUR-BO-10002598,Furniture,Bookcases
FUR-BO-10004695,Furniture,Bookcases
FUR-FU-10000771,Furniture,Furnishings
FUR-TA-10004767,Furniture,Tables
OFF-AP-10000179,Office Supplies,Appliances
OFF-AP-10002191,Office Supplies,Appliances
OFF-BI-10003707,Office Supplies,Binders
OFF-PA-10000380,Office Supplies,Paper
OFF-PA-10002499,Office Supplies,Paper
OFF-PA-10003177,Office Supplies,Paper
OFF-ST-10000649,Office Supplies,Storage
OFF-ST-10003221,Office Supplies,Storage
TEC-AC-10001267,Technology,Accessories
TEC-AC-10002600,Technology,Accessories
TEC-AC-10002842,Technology,Accessories
TEC-AC-10003870,Technology,Accessories
TEC-PH-10001079,Technology,Phones
TEC-PH-10002115,Technology,Phones
TEC-PH-10002660,Technology,Phones
FUR-BO-10002916,Furniture,Bookcases
FUR-CH-10002758,Furniture,Chairs
FUR-FU-10003975,Furniture,Furnishings
OFF-AP-10000358,Office Supplies,Appliances
OFF-AP-10003040,Office Supplies,Appliances
OFF-AR-10003045,Office Supplies,Art
OFF-BI-10002071,Office Supplies,Binders
OFF-BI-10003364,Office Supplies,Binders
OFF-BI-10004965,Office Supplies,Binders
OFF-PA-10001281,Office Supplies,Paper
OFF-PA-10003039,Office Supplies,Paper
OFF-PA-10004041,Office Supplies,Paper
OFF-ST-10000563,Office Supplies,Storage
OFF-ST-10000736,Office Supplies,Storage
TEC-AC-10003133,Technology,Accessories
TEC-PH-10003555,Technology,Phones
FUR-CH-10000785,Furniture,Chairs
FUR-CH-10003061,Furniture,Chairs
FUR-CH-10003761,Furniture,Chairs
FUR-FU-10001876,Furniture,Furnishings
OFF-AR-10000634,Office Supplies,Art
OFF-AR-10000914,Office Supplies,Art
OFF-AR-10002335,Office Supplies,Art
OFF-AR-10003217,Office Supplies,Art
OFF-BI-10000285,Office Supplies,Binders
OFF-BI-10000546,Office Supplies,Binders
OFF-BI-10001031,Office Supplies,Binders
OFF-EN-10003160,Office Supplies,Envelopes
OFF-LA-10003190,Office Supplies,Labels
OFF-PA-10001685,Office Supplies,Paper
OFF-PA-10003591,Office Supplies,Paper
OFF-PA-10004022,Office Supplies,Paper
TEC-PH-10000038,Technology,Phones
TEC-PH-10002033,Technology,Phones
FUR-TA-10002958,Furniture,Tables
OFF-AP-10001564,Office Supplies,Appliances
OFF-AP-10002457,Office Supplies,Appliances
OFF-AP-10004233,Office Supplies,Appliances
OFF-AR-10000658,Office Supplies,Art
OFF-BI-10000309,Office Supplies,Binders
OFF-BI-10004600,Office Supplies,Binders
OFF-LA-10004544,Office Supplies,Labels
OFF-PA-10001509,Office Supplies,Paper
OFF-ST-10000877,Office Supplies,Storage
OFF-SU-10004290,Office Supplies,Supplies
TEC-AC-10000397,Technology,Accessories
TEC-AC-10002018,Technology,Accessories
TEC-AC-10003023,Technology,Accessories
TEC-MA-10001972,Technology,Machines
FUR-CH-10002017,Furniture,Chairs
FUR-FU-10002268,Furniture,Furnishings
FUR-FU-10004020,Furniture,Furnishings
FUR-FU-10004666,Furniture,Furnishings
OFF-AP-10002534,Office Supplies,Appliances
OFF-AP-10002945,Office Supplies,Appliances
OFF-AP-10004868,Office Supplies,Appliances
OFF-EN-10001532,Office Supplies,Envelopes
OFF-LA-10004853,Office Supplies,Labels
OFF-PA-10001826,Office Supplies,Paper
OFF-PA-10003845,Office Supplies,Paper
OFF-ST-10001128,Office Supplies,Storage
TEC-AC-10001552,Technology,Accessories
TEC-AC-10003433,Technology,Accessories
TEC-AC-10004864,Technology,Accessories
TEC-AC-10004975,Technology,Accessories
TEC-PH-10004897,Technology,Phones
FUR-FU-10004017,Furniture,Furnishings
FUR-TA-10001307,Furniture,Tables
FUR-TA-10004575,Furniture,Tables
OFF-AR-10002766,Office Supplies,Art
OFF-BI-10001787,Office Supplies,Binders
OFF-BI-10004224,Office Supplies,Binders
OFF-LA-10000476,Office Supplies,Labels
OFF-PA-10000595,Office Supplies,Paper
OFF-PA-10000955,Office Supplies,Paper
OFF-ST-10000876,Office Supplies,Storage
TEC-AC-10001539,Technology,Accessories
TEC-AC-10002567,Technology,Accessories
TEC-PH-10000376,Technology,Phones
TEC-PH-10003437,Technology,Phones
TEC-PH-10004120,Technology,Phones
FUR-CH-10000229,Furniture,Chairs
FUR-CH-10001854,Furniture,Chairs
FUR-FU-10003691,Furniture,Furnishings
OFF-AP-10001005,Office Supplies,Appliances
OFF-AP-10002684,Office Supplies,Appliances
OFF-AR-10003986,Office Supplies,Art
OFF-AR-10004441,Office Supplies,Art
OFF-BI-10000545,Office Supplies,Binders
OFF-EN-10000927,Office Supplies,Envelopes
OFF-PA-10000061,Office Supplies,Paper
OFF-PA-10000477,Office Supplies,Paper
OFF-ST-10002743,Office Supplies,Storage
TEC-AC-10002857,Technology,Accessories
TEC-MA-10000418,Technology,Machines
TEC-PH-10001819,Technology,Phones
FUR-CH-10002044,Furniture,Chairs
FUR-TA-10001771,Furniture,Tables
FUR-TA-10002622,Furniture,Tables
FUR-TA-10004915,Furniture,Tables
OFF-AR-10000716,Office Supplies,Art
OFF-BI-10002827,Office Supplies,Binders
OFF-BI-10004465,Office Supplies,Binders
OFF-LA-10000240,Office Supplies,Labels
OFF-LA-10001641,Office Supplies,Labels
OFF-PA-10004082,Office Supplies,Paper
OFF-ST-10000464,Office Supplies,Storage
TEC-AC-10000474,Technology,Accessories
TEC-AC-10004510,Technology,Accessories
TEC-PH-10002923,Technology,Phones
FUR-CH-10000847,Furniture,Chairs
FUR-CH-10002774,Furniture,Chairs
FUR-CH-10003396,Furniture,Chairs
FUR-FU-10000755,Furniture,Furnishings
FUR-FU-10004090,Furniture,Furnishings
OFF-AP-10000124,Office Supplies,Appliances
OFF-AP-10002082,Office Supplies,Appliances
OFF-AR-10004027,Office Supplies,Art
OFF-BI-10001460,Office Supplies,Binders
OFF-FA-10002988,Office Supplies,Fasteners
OFF-SU-10004115,Office Supplies,Supplies
TEC-AC-10002647,Technology,Accessories
TEC-MA-10004458,Technology,Machines
TEC-PH-10002103,Technology,Phones
TEC-PH-10002583,Technology,Phones
FUR-FU-10000305,Furniture,Furnishings
FUR-FU-10002554,Furniture,Furnishings
FUR-TA-10003469,Furniture,Tables
OFF-BI-10001116,Office Supplies,Binders
OFF-LA-10002043,Office Supplies,Labels
OFF-PA-10002421,Office Supplies,Paper
OFF-PA-10003022,Office Supplies,Paper
OFF-PA-10003883,Office Supplies,Paper
TEC-AC-10001838,Technology,Accessories
TEC-MA-10000112,Technology,Machines
TEC-MA-10003183,Technology,Machines
TEC-PH-10000149,Technology,Phones
TEC-PH-10002555,Technology,Phones
TEC-PH-10004188,Technology,Phones
FUR-CH-10003973,Furniture,Chairs
FUR-FU-10004864,Furniture,Furnishings
FUR-FU-10004904,Furniture,Furnishings
FUR-FU-10004952,Furniture,Furnishings
OFF-AP-10000240,Office Supplies,Appliances
OFF-AR-10001545,Office Supplies,Art
OFF-BI-10000773,Office Supplies,Binders
OFF-BI-10002735,Office Supplies,Binders
OFF-PA-10001994,Office Supplies,Paper
OFF-PA-10003656,Office Supplies,Paper
OFF-PA-10003790,Office Supplies,Paper
OFF-SU-10002301,Office Supplies,Supplies
TEC-PH-10002398,Technology,Phones
TEC-PH-10004830,Technology,Phones
FUR-BO-10001798,Furniture,Bookcases
FUR-CH-10004983,Furniture,Chairs
FUR-FU-10000576,Furniture,Furnishings
FUR-TA-10004289,Furniture,Tables
OFF-AR-10001860,Office Supplies,Art
OFF-AR-10001958,Office Supplies,Art
OFF-BI-10000494,Office Supplies,Binders
OFF-PA-10000675,Office Supplies,Paper
OFF-PA-10001215,Office Supplies,Paper
OFF-PA-10003302,Office Supplies,Paper
OFF-PA-10003893,Office Supplies,Paper
OFF-PA-10004101,Office Supplies,Paper
OFF-ST-10002756,Office Supplies,Storage
OFF-ST-10003327,Office Supplies,Storage
FUR-CH-10004477,Furniture,Chairs
OFF-AR-10001915,Office Supplies,Art
OFF-AR-10004062,Office Supplies,Art
OFF-BI-10001294,Office Supplies,Binders
OFF-BI-10003650,Office Supplies,Binders
OFF-EN-10000461,Office Supplies,Envelopes
OFF-PA-10001260,Office Supplies,Paper
OFF-PA-10001815,Office Supplies,Paper
OFF-PA-10003036,Office Supplies,Paper
OFF-ST-10000604,Office Supplies,Storage
TEC-AC-10001114,Technology,Accessories
TEC-AC-10004659,Technology,Accessories
TEC-PH-10000895,Technology,Phones
TEC-PH-10001795,Technology,Phones
OFF-AR-10001662,Office Supplies,Art
OFF-LA-10001297,Office Supplies,Labels
OFF-PA-10000659,Office Supplies,Paper
OFF-PA-10001892,Office Supplies,Paper
OFF-ST-10000136,Office Supplies,Storage
TEC-PH-10000213,Technology,Phones
TEC-PH-10000702,Technology,Phones
FUR-FU-10002506,Furniture,Furnishings
OFF-AR-10001868,Office Supplies,Art
OFF-BI-10002003,Office Supplies,Binders
OFF-FA-10000936,Office Supplies,Fasteners
OFF-PA-10001001,Office Supplies,Paper
OFF-ST-10000025,Office Supplies,Storage
TEC-PH-10002563,Technology,Phones
TEC-PH-10004071,Technology,Phones
FUR-CH-10003535,Furniture,Chairs
FUR-FU-10004845,Furniture,Furnishings
OFF-BI-10002194,Office Supplies,Binders
OFF-BI-10003784,Office Supplies,Binders
OFF-PA-10002606,Office Supplies,Paper
OFF-SU-10003936,Office Supplies,Supplies
TEC-MA-10002927,Technology,Machines
TEC-PH-10003171,Technology,Phones
OFF-BI-10002852,Office Supplies,Binders
OFF-PA-10000482,Office Supplies,Paper
OFF-PA-10002986,Office Supplies,Paper
OFF-PA-10003395,Office Supplies,Paper
OFF-PA-10003797,Office Supplies,Paper
OFF-ST-10001097,Office Supplies,Storage
TEC-AC-10000990,Technology,Accessories
TEC-PH-10001254,Technology,Phones
OFF-AP-10003278,Office Supplies,Appliances
OFF-AR-10001919,Office Supplies,Art
OFF-BI-10004022,Office Supplies,Binders
OFF-BI-10004738,Office Supplies,Binders
OFF-PA-10000520,Office Supplies,Paper
OFF-ST-10001522,Office Supplies,Storage
TEC-MA-10002937,Technology,Machines
FUR-CH-10003968,Furniture,Chairs
FUR-FU-10001468,Furniture,Furnishings
FUR-FU-10003142,Furniture,Furnishings
OFF-AR-10000034,Office Supplies,Art
OFF-AR-10003405,Office Supplies,Art
OFF-PA-10004971,Office Supplies,Paper
TEC-AC-10003280,Technology,Accessories
TEC-PH-10001644,Technology,Phones
FUR-BO-10000468,Furniture,Bookcases
FUR-BO-10001601,Furniture,Bookcases
OFF-BI-10002082,Office Supplies,Binders
OFF-BI-10004236,Office Supplies,Binders
FUR-CH-10001714,Furniture,Chairs
OFF-AR-10001149,Office Supplies,Art
OFF-BI-10003925,Office Supplies,Binders
OFF-BI-10003984,Office Supplies,Binders
OFF-PA-10000312,Office Supplies,Paper
OFF-PA-10002741,Office Supplies,Paper
TEC-PH-10001494,Technology,Phones
FUR-TA-10002645,Furniture,Tables
OFF-AR-10000937,Office Supplies,Art
OFF-BI-10000605,Office Supplies,Binders
OFF-BI-10003708,Office Supplies,Binders
OFF-BI-10003727,Office Supplies,Binders
OFF-PA-10000994,Office Supplies,Paper
OFF-PA-10001450,Office Supplies,Paper
TEC-AC-10002718,Technology,Accessories
TEC-MA-10002694,Technology,Machines
FUR-CH-10004218,Furniture,Chairs
FUR-FU-10003601,Furniture,Furnishings
OFF-AR-10001118,Office Supplies,Art
OFF-BI-10000315,Office Supplies,Binders
TEC-PH-10001425,Technology,Phones
TEC-PH-10001924,Technology,Phones
TEC-PH-10003012,Technology,Phones
FUR-CH-10004698,Furniture,Chairs
FUR-FU-10002445,Furniture,Furnishings
FUR-FU-10003095,Furniture,Furnishings
OFF-AR-10001897,Office Supplies,Art
OFF-LA-10002475,Office Supplies,Labels
OFF-PA-10002947,Office Supplies,Paper
TEC-MA-10001127,Technology,Machines
TEC-PH-10000455,Technology,Phones
FUR-FU-10003268,Furniture,Furnishings
FUR-FU-10003829,Furniture,Furnishings
OFF-AR-10003056,Office Supplies,Art
OFF-BI-10003910,Office Supplies,Binders
OFF-BI-10003982,Office Supplies,Binders
OFF-FA-10003467,Office Supplies,Fasteners
OFF-LA-10002195,Office Supplies,Labels
OFF-PA-10002689,Office Supplies,Paper
OFF-PA-10003625,Office Supplies,Paper
OFF-ST-10000636,Office Supplies,Storage
OFF-BI-10000136,Office Supplies,Binders
OFF-BI-10000320,Office Supplies,Binders
OFF-BI-10000831,Office Supplies,Binders
OFF-BI-10004182,Office Supplies,Binders
OFF-PA-10001243,Office Supplies,Paper
OFF-PA-10001846,Office Supplies,Paper
OFF-PA-10001934,Office Supplies,Paper
OFF-PA-10002005,Office Supplies,Paper
TEC-AC-10002001,Technology,Accessories
TEC-AC-10002637,Technology,Accessories
TEC-PH-10004093,Technology,Phones
FUR-FU-10001591,Furniture,Furnishings
OFF-AR-10003723,Office Supplies,Art
OFF-BI-10000632,Office Supplies,Binders
OFF-PA-10001800,Office Supplies,Paper
OFF-PA-10001950,Office Supplies,Paper
OFF-PA-10004996,Office Supplies,Paper
OFF-ST-10000617,Office Supplies,Storage
OFF-SU-10004664,Office Supplies,Supplies
TEC-CO-10004115,Technology,Copiers
TEC-CO-10004722,Technology,Copiers
OFF-AR-10000799,Office Supplies,Art
OFF-AR-10002804,Office Supplies,Art
OFF-BI-10000756,Office Supplies,Binders
OFF-FA-10004968,Office Supplies,Fasteners
OFF-PA-10000605,Office Supplies,Paper
OFF-PA-10001763,Office Supplies,Paper
OFF-PA-10003205,Office Supplies,Paper
TEC-AC-10000580,Technology,Accessories
TEC-MA-10002210,Technology,Machines
TEC-PH-10002624,Technology,Phones
FUR-BO-10003433,Furniture,Bookcases
FUR-TA-10001857,Furniture,Tables
OFF-AR-10002952,Office Supplies,Art
OFF-AR-10004602,Office Supplies,Art
OFF-BI-10002557,Office Supplies,Binders
OFF-PA-10001295,Office Supplies,Paper
OFF-PA-10003936,Office Supplies,Paper
TEC-AC-10004568,Technology,Accessories
TEC-MA-10001856,Technology,Machines
TEC-MA-10002073,Technology,Machines
FUR-CH-10004063,Furniture,Chairs
OFF-AP-10000891,Office Supplies,Appliances
OFF-AR-10001547,Office Supplies,Art
OFF-BI-10003007,Office Supplies,Binders
OFF-FA-10003059,Office Supplies,Fasteners
OFF-LA-10004055,Office Supplies,Labels
OFF-PA-10000300,Office Supplies,Paper
TEC-PH-10000675,Technology,Phones
TEC-PH-10000730,Technology,Phones
TEC-PH-10003580,Technology,Phones
FUR-CH-10004875,Furniture,Chairs
FUR-FU-10004351,Furniture,Furnishings
OFF-AP-10001154,Office Supplies,Appliances
OFF-AP-10001626,Office Supplies,Appliances
OFF-ST-10000532,Office Supplies,Storage
OFF-ST-10003442,Office Supplies,Storage
OFF-ST-10004507,Office Supplies,Storage
OFF-SU-10002503,Office Supplies,Supplies
TEC-MA-10000984,Technology,Machines
FUR-FU-10003096,Furniture,Furnishings
OFF-AP-10000595,Office Supplies,Appliances
OFF-BI-10003676,Office Supplies,Binders
OFF-PA-10000176,Office Supplies,Paper
OFF-PA-10000791,Office Supplies,Paper
OFF-ST-10003638,Office Supplies,Storage
OFF-ST-10004946,Office Supplies,Storage
TEC-PH-10000984,Technology,Phones
TEC-PH-10002365,Technology,Phones
OFF-AP-10003842,Office Supplies,Appliances
OFF-LA-10000634,Office Supplies,Labels
OFF-PA-10000130,Office Supplies,Paper
OFF-PA-10000246,Office Supplies,Paper
OFF-PA-10004000,Office Supplies,Paper
OFF-ST-10004186,Office Supplies,Storage
OFF-SU-10000151,Office Supplies,Supplies
TEC-PH-10001336,Technology,Phones
TEC-PH-10002185,Technology,Phones
FUR-FU-10003981,Furniture,Furnishings
OFF-AR-10001221,Office Supplies,Art
OFF-LA-10003714,Office Supplies,Labels
OFF-ST-10000885,Office Supplies,Storage
TEC-AC-10000387,Technology,Accessories
TEC-AC-10001142,Technology,Accessories
TEC-AC-10001998,Technology,Accessories
TEC-PH-10002468,Technology,Phones
TEC-PH-10002844,Technology,Phones
FUR-BO-10001337,Furniture,Bookcases
FUR-FU-10001847,Furniture,Furnishings
OFF-AR-10004752,Office Supplies,Art
OFF-FA-10000254,Office Supplies,Fasteners
OFF-FA-10002280,Office Supplies,Fasteners
OFF-LA-10001404,Office Supplies,Labels
OFF-LA-10002034,Office Supplies,Labels
OFF-PA-10000241,Office Supplies,Paper
OFF-PA-10001609,Office Supplies,Paper
TEC-AC-10000736,Technology,Accessories
FUR-CH-10003846,Furniture,Chairs
OFF-AP-10003884,Office Supplies,Appliances
OFF-EN-10000483,Office Supplies,Envelopes
OFF-LA-10000414,Office Supplies,Labels
OFF-PA-10003848,Office Supplies,Paper
OFF-PA-10004248,Office Supplies,Paper
OFF-PA-10004665,Office Supplies,Paper
TEC-AC-10004518,Technology,Accessories
TEC-PH-10000011,Technology,Phones
TEC-PH-10004833,Technology,Phones
FUR-FU-10001037,Furniture,Furnishings
FUR-FU-10002671,Furniture,Furnishings
OFF-AP-10003779,Office Supplies,Appliances
OFF-BI-10002571,Office Supplies,Binders
OFF-FA-10000624,Office Supplies,Fasteners
OFF-LA-10000452,Office Supplies,Labels
TEC-AC-10004708,Technology,Accessories
FUR-FU-10000087,Furniture,Furnishings
FUR-FU-10001473,Furniture,Furnishings
FUR-FU-10002885,Furniture,Furnishings
OFF-AR-10000390,Office Supplies,Art
OFF-AR-10001177,Office Supplies,Art
OFF-BI-10001679,Office Supplies,Binders
OFF-LA-10004689,Office Supplies,Labels
OFF-PA-10000048,Office Supplies,Paper
OFF-PA-10001125,Office Supplies,Paper
OFF-PA-10003823,Office Supplies,Paper
TEC-AC-10001266,Technology,Accessories
TEC-AC-10001445,Technology,Accessories
TEC-PH-10000148,Technology,Phones
FUR-BO-10001567,Furniture,Bookcases
FUR-FU-10000732,Furniture,Furnishings
FUR-FU-10002874,Furniture,Furnishings
OFF-AR-10004999,Office Supplies,Art
OFF-LA-10001474,Office Supplies,Labels
OFF-PA-10001838,Office Supplies,Paper
OFF-PA-10002250,Office Supplies,Paper
OFF-ST-10002370,Office Supplies,Storage
OFF-ST-10003996,Office Supplies,Storage
OFF-SU-10002557,Office Supplies,Supplies
TEC-PH-10002075,Technology,Phones
FUR-BO-10000112,Furniture,Bookcases
FUR-CH-10000422,Furniture,Chairs
FUR-FU-10003026,Furniture,Furnishings
OFF-AP-10004859,Office Supplies,Appliances
OFF-BI-10003694,Office Supplies,Binders
OFF-EN-10003286,Office Supplies,Envelopes
OFF-EN-10003845,Office Supplies,Envelopes
OFF-ST-10000419,Office Supplies,Storage
OFF-SU-10002881,Office Supplies,Supplies
TEC-AC-10001874,Technology,Accessories
TEC-PH-10001433,Technology,Phones
FUR-CH-10001146,Furniture,Chairs
OFF-AP-10000390,Office Supplies,Appliances
OFF-AR-10002257,Office Supplies,Art
OFF-AR-10002704,Office Supplies,Art
OFF-BI-10000050,Office Supplies,Binders
OFF-BI-10000201,Office Supplies,Binders
OFF-BI-10000822,Office Supplies,Binders
OFF-BI-10002867,Office Supplies,Binders
OFF-EN-10001099,Office Supplies,Envelopes
OFF-EN-10001539,Office Supplies,Envelopes
TEC-AC-10004209,Technology,Accessories
FUR-CH-10001190,Furniture,Chairs
FUR-FU-10000010,Furniture,Furnishings
FUR-FU-10000222,Furniture,Furnishings
FUR-FU-10002918,Furniture,Furnishings
OFF-AR-10003514,Office Supplies,Art
OFF-EN-10004846,Office Supplies,Envelopes
OFF-PA-10002749,Office Supplies,Paper
OFF-ST-10002957,Office Supplies,Storage
TEC-AC-10003289,Technology,Accessories
TEC-MA-10000029,Technology,Machines
FUR-FU-10000260,Furniture,Furnishings
FUR-FU-10002088,Furniture,Furnishings
FUR-FU-10002878,Furniture,Furnishings
OFF-AR-10001972,Office Supplies,Art
OFF-BI-10001359,Office Supplies,Binders
OFF-BI-10001989,Office Supplies,Binders
OFF-BI-10004140,Office Supplies,Binders
OFF-PA-10000556,Office Supplies,Paper
OFF-PA-10000919,Office Supplies,Paper
TEC-AC-10001908,Technology,Accessories
TEC-AC-10004145,Technology,Accessories
TEC-AC-10004877,Technology,Accessories
TEC-PH-10001305,Technology,Phones
FUR-CH-10000665,Furniture,Chairs
OFF-AR-10002067,Office Supplies,Art
OFF-AR-10002255,Office Supplies,Art
OFF-AR-10003087,Office Supplies,Art
OFF-BI-10001597,Office Supplies,Binders
OFF-FA-10001332,Office Supplies,Fasteners
OFF-ST-10000760,Office Supplies,Storage
OFF-ST-10004634,Office Supplies,Storage
TEC-AC-10000057,Technology,Accessories
TEC-CO-10003763,Technology,Copiers
TEC-MA-10004241,Technology,Machines
TEC-PH-10004531,Technology,Phones
FUR-BO-10003894,Furniture,Bookcases
FUR-CH-10002304,Furniture,Chairs
OFF-AR-10001940,Office Supplies,Art
OFF-PA-10002333,Office Supplies,Paper
OFF-ST-10000943,Office Supplies,Storage
OFF-ST-10003324,Office Supplies,Storage
OFF-ST-10003716,Office Supplies,Storage
TEC-AC-10004633,Technology,Accessories
TEC-PH-10001750,Technology,Phones
TEC-PH-10002807,Technology,Phones
FUR-BO-10002202,Furniture,Bookcases
OFF-AP-10002350,Office Supplies,Appliances
OFF-BI-10000591,Office Supplies,Binders
OFF-BI-10001553,Office Supplies,Binders
OFF-BI-10004139,Office Supplies,Binders
OFF-FA-10002780,Office Supplies,Fasteners
TEC-AC-10000927,Technology,Accessories
TEC-CO-10001046,Technology,Copiers
TEC-PH-10000441,Technology,Phones
TEC-PH-10000923,Technology,Phones
TEC-PH-10002890,Technology,Phones
FUR-BO-10002213,Furniture,Bookcases
FUR-CH-10004860,Furniture,Chairs
FUR-FU-10002553,Furniture,Furnishings
OFF-AP-10003287,Office Supplies,Appliances
OFF-AR-10002221,Office Supplies,Art
OFF-AR-10003651,Office Supplies,Art
OFF-BI-10001098,Office Supplies,Binders
OFF-BI-10004826,Office Supplies,Binders
OFF-LA-10004425,Office Supplies,Labels
TEC-MA-10001681,Technology,Machines
TEC-MA-10002790,Technology,Machines
TEC-PH-10003811,Technology,Phones
FUR-FU-10003708,Furniture,Furnishings
OFF-AP-10001962,Office Supplies,Appliances
OFF-BI-10002498,Office Supplies,Binders
OFF-FA-10004395,Office Supplies,Fasteners
OFF-PA-10000859,Office Supplies,Paper
OFF-PA-10002893,Office Supplies,Paper
OFF-PA-10003424,Office Supplies,Paper
TEC-AC-10004855,Technology,Accessories
TEC-PH-10000673,Technology,Phones
TEC-PH-10001578,Technology,Phones
FUR-BO-10003966,Furniture,Bookcases
FUR-FU-10003919,Furniture,Furnishings
FUR-TA-10002228,Furniture,Tables
OFF-AR-10003896,Office Supplies,Art
OFF-BI-10000474,Office Supplies,Binders
OFF-FA-10001229,Office Supplies,Fasteners
OFF-LA-10002473,Office Supplies,Labels
OFF-ST-10000129,Office Supplies,Storage
OFF-SU-10004498,Office Supplies,Supplies
TEC-MA-10001031,Technology,Machines
TEC-PH-10004389,Technology,Phones
FUR-CH-10004853,Furniture,Chairs
FUR-CH-10004997,Furniture,Chairs
FUR-FU-10001617,Furniture,Furnishings
OFF-AR-10000369,Office Supplies,Art
OFF-BI-10001922,Office Supplies,Binders
OFF-PA-10003673,Office Supplies,Paper
OFF-PA-10004327,Office Supplies,Paper
OFF-ST-10001837,Office Supplies,Storage
OFF-ST-10004459,Office Supplies,Storage
TEC-AC-10003174,Technology,Accessories
TEC-MA-10000904,Technology,Machines
FUR-CH-10001797,Furniture,Chairs
FUR-CH-10004540,Furniture,Chairs
FUR-FU-10003424,Furniture,Furnishings
OFF-BI-10001120,Office Supplies,Binders
OFF-EN-10003040,Office Supplies,Envelopes
OFF-LA-10002381,Office Supplies,Labels
OFF-PA-10002109,Office Supplies,Paper
OFF-SU-10001165,Office Supplies,Supplies
TEC-MA-10000597,Technology,Machines
TEC-MA-10003356,Technology,Machines
TEC-PH-10001552,Technology,Phones
FUR-BO-10002206,Furniture,Bookcases
FUR-FU-10003394,Furniture,Furnishings
OFF-AP-10002203,Office Supplies,Appliances
OFF-AR-10004790,Office Supplies,Art
OFF-PA-10002137,Office Supplies,Paper
OFF-PA-10003441,Office Supplies,Paper
OFF-PA-10004519,Office Supplies,Paper
OFF-ST-10000689,Office Supplies,Storage
TEC-AC-10002217,Technology,Accessories
TEC-AC-10003095,Technology,Accessories
FUR-BO-10003441,Furniture,Bookcases
FUR-FU-10001861,Furniture,Furnishings
OFF-AR-10001044,Office Supplies,Art
OFF-BI-10004828,Office Supplies,Binders
OFF-LA-10001045,Office Supplies,Labels
OFF-ST-10002276,Office Supplies,Storage
OFF-ST-10002486,Office Supplies,Storage
OFF-ST-10002615,Office Supplies,Storage
OFF-SU-10002573,Office Supplies,Supplies
TEC-AC-10000487,Technology,Accessories
OFF-AP-10001205,Office Supplies,Appliances
OFF-AR-10002671,Office Supplies,Art
OFF-BI-10000301,Office Supplies,Binders
OFF-BI-10001097,Office Supplies,Binders
OFF-BI-10004876,Office Supplies,Binders
OFF-EN-10003068,Office Supplies,Envelopes
OFF-LA-10004545,Office Supplies,Labels
OFF-PA-10000740,Office Supplies,Paper
OFF-PA-10001526,Office Supplies,Paper
OFF-PA-10002552,Office Supplies,Paper
TEC-AC-10001284,Technology,Accessories
TEC-PH-10000193,Technology,Phones
FUR-TA-10004256,Furniture,Tables
OFF-AP-10003099,Office Supplies,Appliances
OFF-AR-10000411,Office Supplies,Art
OFF-LA-10001982,Office Supplies,Labels
OFF-ST-10001469,Office Supplies,Storage
TEC-AC-10003399,Technology,Accessories
TEC-AC-10004420,Technology,Accessories
TEC-MA-10001148,Technology,Machines
TEC-MA-10003176,Technology,Machines
TEC-PH-10000912,Technology,Phones
FUR-BO-10000362,Furniture,Bookcases
FUR-CH-10000988,Furniture,Chairs
FUR-FU-10004671,Furniture,Furnishings
FUR-TA-10003954,Furniture,Tables
OFF-AP-10000804,Office Supplies,Appliances
OFF-AR-10000246,Office Supplies,Art
OFF-BI-10001524,Office Supplies,Binders
OFF-EN-10001028,Office Supplies,Envelopes
OFF-EN-10001434,Office Supplies,Envelopes
OFF-FA-10002701,Office Supplies,Fasteners
OFF-PA-10002377,Office Supplies,Paper
OFF-ST-10000046,Office Supplies,Storage
FUR-BO-10004360,Furniture,Bookcases
FUR-FU-10000758,Furniture,Furnishings
FUR-FU-10002703,Furniture,Furnishings
OFF-AP-10003217,Office Supplies,Appliances
OFF-EN-10004030,Office Supplies,Envelopes
OFF-PA-10002960,Office Supplies,Paper
OFF-PA-10003129,Office Supplies,Paper
OFF-PA-10004470,Office Supplies,Paper
OFF-ST-10003479,Office Supplies,Storage
TEC-AC-10000303,Technology,Accessories
OFF-AP-10001058,Office Supplies,Appliances
OFF-AP-10003849,Office Supplies,Appliances
OFF-AR-10001761,Office Supplies,Art
OFF-AR-10004042,Office Supplies,Art
OFF-PA-10002160,Office Supplies,Paper
OFF-PA-10002230,Office Supplies,Paper
OFF-PA-10003971,Office Supplies,Paper
OFF-ST-10000142,Office Supplies,Storage
TEC-AC-10001109,Technology,Accessories
TEC-CO-10002095,Technology,Copiers
TEC-PH-10001468,Technology,Phones
OFF-AP-10000252,Office Supplies,Appliances
OFF-AP-10002765,Office Supplies,Appliances
OFF-EN-10000781,Office Supplies,Envelopes
OFF-FA-10000053,Office Supplies,Fasteners
OFF-LA-10000134,Office Supplies,Labels
OFF-PA-10000533,Office Supplies,Paper
OFF-PA-10002764,Office Supplies,Paper
OFF-PA-10003172,Office Supplies,Paper
OFF-ST-10000934,Office Supplies,Storage
TEC-MA-10004521,Technology,Machines
TEC-PH-10000347,Technology,Phones
FUR-BO-10003965,Furniture,Bookcases
FUR-CH-10001394,Furniture,Chairs
FUR-FU-10001185,Furniture,Furnishings
OFF-AP-10004036,Office Supplies,Appliances
OFF-EN-10001335,Office Supplies,Envelopes
OFF-EN-10003134,Office Supplies,Envelopes
OFF-PA-10001878,Office Supplies,Paper
OFF-PA-10004965,Office Supplies,Paper
TEC-CO-10001571,Technology,Copiers
TEC-PH-10000486,Technology,Phones
TEC-PH-10003095,Technology,Phones
FUR-CH-10003199,Furniture,Chairs
FUR-CH-10004886,Furniture,Chairs
FUR-FU-10002240,Furniture,Furnishings
OFF-AP-10004980,Office Supplies,Appliances
OFF-AR-10002818,Office Supplies,Art
OFF-BI-10000666,Office Supplies,Binders
OFF-BI-10001078,Office Supplies,Binders
OFF-BI-10002072,Office Supplies,Binders
OFF-ST-10001034,Office Supplies,Storage
OFF-ST-10001228,Office Supplies,Storage
FUR-CH-10002965,Furniture,Chairs
FUR-CH-10004495,Furniture,Chairs
FUR-FU-10001588,Furniture,Furnishings
FUR-FU-10004188,Furniture,Furnishings
FUR-FU-10004963,Furniture,Furnishings
OFF-AP-10003590,Office Supplies,Appliances
OFF-BI-10003712,Office Supplies,Binders
OFF-BI-10004817,Office Supplies,Binders
OFF-ST-10001370,Office Supplies,Storage
FUR-BO-10002545,Furniture,Bookcases
OFF-AR-10002375,Office Supplies,Art
OFF-AR-10004930,Office Supplies,Art
OFF-LA-10002368,Office Supplies,Labels
OFF-LA-10004409,Office Supplies,Labels
OFF-PA-10000743,Office Supplies,Paper
OFF-PA-10002709,Office Supplies,Paper
OFF-PA-10003309,Office Supplies,Paper
OFF-ST-10003123,Office Supplies,Storage
OFF-SU-10000381,Office Supplies,Supplies
OFF-SU-10001664,Office Supplies,Supplies
TEC-PH-10002275,Technology,Phones
FUR-FU-10001025,Furniture,Furnishings
FUR-TA-10001520,Furniture,Tables
OFF-AP-10003057,Office Supplies,Appliances
OFF-BI-10003876,Office Supplies,Binders
OFF-PA-10001736,Office Supplies,Paper
OFF-ST-10001328,Office Supplies,Storage
TEC-AC-10000892,Technology,Accessories
TEC-PH-10001300,Technology,Phones
TEC-PH-10004080,Technology,Phones
OFF-AR-10000657,Office Supplies,Art
OFF-AR-10004582,Office Supplies,Art
OFF-BI-10002609,Office Supplies,Binders
OFF-BI-10004528,Office Supplies,Binders
OFF-EN-10004773,Office Supplies,Envelopes
OFF-FA-10000490,Office Supplies,Fasteners
OFF-PA-10000157,Office Supplies,Paper
OFF-PA-10000167,Office Supplies,Paper
OFF-ST-10002301,Office Supplies,Storage
OFF-ST-10003994,Office Supplies,Storage
TEC-PH-10000141,Technology,Phones
FUR-CH-10001482,Furniture,Chairs
OFF-AP-10004655,Office Supplies,Appliances
OFF-BI-10001510,Office Supplies,Binders
OFF-BI-10001543,Office Supplies,Binders
OFF-BI-10001658,Office Supplies,Binders
OFF-FA-10001843,Office Supplies,Fasteners
OFF-LA-10002787,Office Supplies,Labels
OFF-ST-10002011,Office Supplies,Storage
TEC-AC-10003610,Technology,Accessories
TEC-PH-10002415,Technology,Phones
FUR-CH-10001802,Furniture,Chairs
OFF-BI-10000174,Office Supplies,Binders
OFF-BI-10001153,Office Supplies,Binders
OFF-EN-10003296,Office Supplies,Envelopes
OFF-PA-10001712,Office Supplies,Paper
OFF-PA-10003892,Office Supplies,Paper
OFF-SU-10002537,Office Supplies,Supplies
TEC-AC-10002331,Technology,Accessories
TEC-PH-10003505,Technology,Phones
TEC-PH-10004348,Technology,Phones
TEC-PH-10004774,Technology,Phones
FUR-BO-10002853,Furniture,Bookcases
FUR-FU-10001867,Furniture,Furnishings
FUR-FU-10002456,Furniture,Furnishings
FUR-FU-10004006,Furniture,Furnishings
OFF-AP-10002118,Office Supplies,Appliances
OFF-AR-10001374,Office Supplies,Art
OFF-AR-10002280,Office Supplies,Art
OFF-PA-10002262,Office Supplies,Paper
OFF-PA-10003543,Office Supplies,Paper
TEC-PH-10004912,Technology,Phones
FUR-CH-10000225,Furniture,Chairs
FUR-CH-10002439,Furniture,Chairs
FUR-CH-10003956,Furniture,Chairs
OFF-AR-10003602,Office Supplies,Art
OFF-PA-10002195,Office Supplies,Paper
OFF-ST-10000798,Office Supplies,Storage
OFF-ST-10001558,Office Supplies,Storage
OFF-ST-10002562,Office Supplies,Storage
TEC-AC-10004595,Technology,Accessories
TEC-MA-10002981,Technology,Machines
FUR-BO-10004834,Furniture,Bookcases
FUR-FU-10002298,Furniture,Furnishings
OFF-AP-10004136,Office Supplies,Appliances
OFF-BI-10001890,Office Supplies,Binders
OFF-BI-10004390,Office Supplies,Binders
OFF-SU-10001225,Office Supplies,Supplies
TEC-AC-10003027,Technology,Accessories
TEC-AC-10004001,Technology,Accessories
TEC-MA-10000822,Technology,Machines
FUR-CH-10003379,Furniture,Chairs
FUR-FU-10003623,Furniture,Furnishings
OFF-AR-10000588,Office Supplies,Art
OFF-AR-10003727,Office Supplies,Art
OFF-BI-10003719,Office Supplies,Binders
OFF-PA-10000474,Office Supplies,Paper
OFF-PA-10001804,Office Supplies,Paper
OFF-ST-10000676,Office Supplies,Storage
OFF-ST-10003692,Office Supplies,Storage
TEC-AC-10002323,Technology,Accessories
TEC-PH-10004700,Technology,Phones
OFF-AP-10003622,Office Supplies,Appliances
OFF-AR-10002135,Office Supplies,Art
OFF-AR-10003829,Office Supplies,Art
OFF-AR-10003856,Office Supplies,Art
OFF-BI-10001634,Office Supplies,Binders
OFF-PA-10000350,Office Supplies,Paper
OFF-ST-10000991,Office Supplies,Storage
OFF-ST-10001590,Office Supplies,Storage
TEC-AC-10004803,Technology,Accessories
FUR-BO-10003404,Furniture,Bookcases
FUR-CH-10004626,Furniture,Chairs
FUR-FU-10002505,Furniture,Furnishings
OFF-AP-10002867,Office Supplies,Appliances
OFF-AR-10001683,Office Supplies,Art
OFF-BI-10003638,Office Supplies,Binders
OFF-PA-10000141,Office Supplies,Paper
TEC-PH-10001870,Technology,Phones
TEC-PH-10002817,Technology,Phones
TEC-PH-10004614,Technology,Phones
OFF-AR-10002578,Office Supplies,Art
OFF-BI-10001071,Office Supplies,Binders
OFF-BI-10002799,Office Supplies,Binders
OFF-PA-10001745,Office Supplies,Paper
OFF-PA-10004255,Office Supplies,Paper
OFF-ST-10000078,Office Supplies,Storage
OFF-ST-10001414,Office Supplies,Storage
OFF-ST-10001963,Office Supplies,Storage
TEC-CO-10001766,Technology,Copiers
FUR-CH-10001708,Furniture,Chairs
FUR-FU-10002030,Furniture,Furnishings
FUR-TA-10001086,Furniture,Tables
FUR-TA-10001539,Furniture,Tables
OFF-BI-10004519,Office Supplies,Binders
OFF-EN-10003448,Office Supplies,Envelopes
OFF-EN-10004206,Office Supplies,Envelopes
OFF-PA-10004100,Office Supplies,Paper
TEC-PH-10000576,Technology,Phones
TEC-PH-10004094,Technology,Phones
FUR-FU-10001379,Furniture,Furnishings
FUR-FU-10004245,Furniture,Furnishings
OFF-AP-10001492,Office Supplies,Appliances
OFF-AR-10004757,Office Supplies,Art
OFF-LA-10004272,Office Supplies,Labels
OFF-PA-10001293,Office Supplies,Paper
OFF-PA-10002666,Office Supplies,Paper
TEC-AC-10000109,Technology,Accessories
TEC-AC-10000926,Technology,Accessories
TEC-PH-10002496,Technology,Phones
TEC-PH-10004241,Technology,Phones
FUR-FU-10000672,Furniture,Furnishings
FUR-FU-10002597,Furniture,Furnishings
FUR-TA-10002041,Furniture,Tables
OFF-PA-10000019,Office Supplies,Paper
OFF-PA-10000349,Office Supplies,Paper
OFF-PA-10004610,Office Supplies,Paper
OFF-ST-10003208,Office Supplies,Storage
OFF-ST-10004337,Office Supplies,Storage
FUR-CH-10003298,Furniture,Chairs
FUR-FU-10001095,Furniture,Furnishings
FUR-TA-10000577,Furniture,Tables
FUR-TA-10001889,Furniture,Tables
OFF-PA-10003127,Office Supplies,Paper
OFF-ST-10002974,Office Supplies,Storage
TEC-PH-10003174,Technology,Phones
OFF-BI-10004584,Office Supplies,Binders
OFF-EN-10002312,Office Supplies,Envelopes
OFF-EN-10003567,Office Supplies,Envelopes
OFF-FA-10000089,Office Supplies,Fasteners
OFF-PA-10000483,Office Supplies,Paper
OFF-PA-10000673,Office Supplies,Paper
TEC-MA-10003230,Technology,Machines
FUR-FU-10001852,Furniture,Furnishings
OFF-AP-10000275,Office Supplies,Appliances
OFF-AR-10000823,Office Supplies,Art
OFF-AR-10003560,Office Supplies,Art
OFF-BI-10003166,Office Supplies,Binders
OFF-ST-10001325,Office Supplies,Storage
TEC-PH-10001198,Technology,Phones
OFF-AR-10001955,Office Supplies,Art
OFF-PA-10004475,Office Supplies,Paper
TEC-AC-10001465,Technology,Accessories
TEC-AC-10003709,Technology,Accessories
TEC-AC-10004127,Technology,Accessories
TEC-CO-10001449,Technology,Copiers
TEC-MA-10000010,Technology,Machines
TEC-PH-10002538,Technology,Phones
FUR-FU-10001934,Furniture,Furnishings
OFF-BI-10003460,Office Supplies,Binders
OFF-PA-10001937,Office Supplies,Paper
OFF-ST-10001321,Office Supplies,Storage
OFF-ST-10003282,Office Supplies,Storage
TEC-PH-10002789,Technology,Phones
TEC-PH-10003072,Technology,Phones
OFF-AP-10000159,Office Supplies,Appliances
OFF-AR-10000315,Office Supplies,Art
OFF-AR-10004272,Office Supplies,Art
OFF-BI-10001759,Office Supplies,Binders
OFF-FA-10003021,Office Supplies,Fasteners
OFF-PA-10001246,Office Supplies,Paper
OFF-ST-10003805,Office Supplies,Storage
TEC-PH-10002584,Technology,Phones
FUR-TA-10002530,Furniture,Tables
OFF-AP-10002472,Office Supplies,Appliances
OFF-AR-10002240,Office Supplies,Art
OFF-BI-10002976,Office Supplies,Binders
OFF-PA-10001947,Office Supplies,Paper
OFF-SU-10003002,Office Supplies,Supplies
TEC-AC-10001090,Technology,Accessories
TEC-PH-10002310,Technology,Phones
OFF-AR-10001166,Office Supplies,Art
OFF-BI-10000343,Office Supplies,Binders
OFF-LA-10003663,Office Supplies,Labels
TEC-AC-10004859,Technology,Accessories
TEC-MA-10002178,Technology,Machines
TEC-MA-10002428,Technology,Machines
TEC-PH-10002549,Technology,Phones
FUR-FU-10001085,Furniture,Furnishings
FUR-TA-10004442,Furniture,Tables
OFF-BI-10001758,Office Supplies,Binders
OFF-EN-10002973,Office Supplies,Envelopes
OFF-FA-10000134,Office Supplies,Fasteners
OFF-PA-10000551,Office Supplies,Paper
OFF-SU-10004661,Office Supplies,Supplies
FUR-FU-10003976,Furniture,Furnishings
FUR-TA-10001866,Furniture,Tables
OFF-AP-10003281,Office Supplies,Appliances
OFF-AR-10001246,Office Supplies,Art
OFF-FA-10003485,Office Supplies,Fasteners
TEC-AC-10002345,Technology,Accessories
TEC-MA-10000423,Technology,Machines
FUR-BO-10003034,Furniture,Bookcases
FUR-CH-10000155,Furniture,Chairs
OFF-EN-10001453,Office Supplies,Envelopes
OFF-EN-10002986,Office Supplies,Envelopes
OFF-SU-10001935,Office Supplies,Supplies
TEC-MA-10003674,Technology,Machines
TEC-PH-10001128,Technology,Phones
FUR-FU-10000794,Furniture,Furnishings
FUR-FU-10004415,Furniture,Furnishings
OFF-AR-10001770,Office Supplies,Art
OFF-AR-10002467,Office Supplies,Art
OFF-AR-10004817,Office Supplies,Art
OFF-LA-10003077,Office Supplies,Labels
OFF-PA-10000528,Office Supplies,Paper
OFF-ST-10002444,Office Supplies,Storage
FUR-BO-10004709,Furniture,Bookcases
FUR-CH-10002602,Furniture,Chairs
FUR-FU-10000723,Furniture,Furnishings
FUR-FU-10001889,Furniture,Furnishings
FUR-TA-10001095,Furniture,Tables
OFF-BI-10004187,Office Supplies,Binders
OFF-BI-10004209,Office Supplies,Binders
TEC-PH-10004539,Technology,Phones
FUR-CH-10000015,Furniture,Chairs
FUR-CH-10003606,Furniture,Chairs
OFF-AR-10003477,Office Supplies,Art
OFF-BI-10001107,Office Supplies,Binders
OFF-BI-10004995,Office Supplies,Binders
OFF-EN-10004386,Office Supplies,Envelopes
OFF-PA-10004285,Office Supplies,Paper
TEC-AC-10004396,Technology,Accessories
TEC-PH-10004908,Technology,Phones
FUR-FU-10001196,Furniture,Furnishings
FUR-FU-10003773,Furniture,Furnishings
OFF-AP-10001469,Office Supplies,Appliances
OFF-AP-10004487,Office Supplies,Appliances
OFF-BI-10002949,Office Supplies,Binders
OFF-LA-10002312,Office Supplies,Labels
OFF-ST-10002790,Office Supplies,Storage
OFF-ST-10003058,Office Supplies,Storage
FUR-BO-10004218,Furniture,Bookcases
FUR-CH-10002780,Furniture,Chairs
FUR-CH-10002961,Furniture,Chairs
OFF-BI-10000977,Office Supplies,Binders
OFF-BI-10001191,Office Supplies,Binders
OFF-PA-10003134,Office Supplies,Paper
OFF-PA-10003465,Office Supplies,Paper
OFF-SU-10004782,Office Supplies,Supplies
TEC-AC-10001432,Technology,Accessories
FUR-BO-10003546,Furniture,Bookcases
FUR-FU-10001602,Furniture,Furnishings
OFF-AR-10004587,Office Supplies,Art
OFF-BI-10001670,Office Supplies,Binders
OFF-BI-10002414,Office Supplies,Binders
OFF-EN-10000056,Office Supplies,Envelopes
OFF-PA-10000809,Office Supplies,Paper
OFF-SU-10004884,Office Supplies,Supplies
FUR-BO-10001972,Furniture,Bookcases
FUR-CH-10001215,Furniture,Chairs
FUR-CH-10003817,Furniture,Chairs
FUR-TA-10003837,Furniture,Tables
OFF-LA-10004345,Office Supplies,Labels
OFF-PA-10003270,Office Supplies,Paper
OFF-SU-10003567,Office Supplies,Supplies
TEC-AC-10002167,Technology,Accessories
TEC-MA-10001016,Technology,Machines
FUR-FU-10004460,Furniture,Furnishings
OFF-BI-10003981,Office Supplies,Binders
OFF-EN-10003862,Office Supplies,Envelopes
OFF-FA-10003472,Office Supplies,Fasteners
OFF-PA-10003072,Office Supplies,Paper
OFF-ST-10001031,Office Supplies,Storage
OFF-ST-10001511,Office Supplies,Storage
TEC-AC-10000710,Technology,Accessories
TEC-PH-10002834,Technology,Phones
FUR-FU-10000073,Furniture,Furnishings
OFF-AR-10000538,Office Supplies,Art
OFF-PA-10002787,Office Supplies,Paper
OFF-ST-10001496,Office Supplies,Storage
TEC-AC-10001101,Technology,Accessories
TEC-AC-10002370,Technology,Accessories
TEC-MA-10002859,Technology,Machines
TEC-PH-10002200,Technology,Phones
TEC-PH-10004006,Technology,Phones
OFF-EN-10001509,Office Supplies,Envelopes
OFF-FA-10004854,Office Supplies,Fasteners
OFF-LA-10000248,Office Supplies,Labels
OFF-LA-10000973,Office Supplies,Labels
OFF-PA-10000697,Office Supplies,Paper
OFF-PA-10001583,Office Supplies,Paper
TEC-AC-10003237,Technology,Accessories
TEC-AC-10003657,Technology,Accessories
FUR-FU-10003464,Furniture,Furnishings
FUR-FU-10004164,Furniture,Furnishings
FUR-TA-10004175,Furniture,Tables
OFF-AP-10004336,Office Supplies,Appliances
OFF-BI-10004506,Office Supplies,Binders
OFF-ST-10003470,Office Supplies,Storage
TEC-MA-10003337,Technology,Machines
FUR-CH-10003833,Furniture,Chairs
FUR-FU-10000409,Furniture,Furnishings
OFF-AP-10002495,Office Supplies,Appliances
OFF-AR-10003504,Office Supplies,Art
OFF-EN-10002600,Office Supplies,Envelopes
OFF-PA-10002615,Office Supplies,Paper
OFF-PA-10004735,Office Supplies,Paper
TEC-MA-10001047,Technology,Machines
FUR-BO-10001519,Furniture,Bookcases
FUR-TA-10001932,Furniture,Tables
OFF-BI-10002049,Office Supplies,Binders
OFF-LA-10001317,Office Supplies,Labels
TEC-AC-10001714,Technology,Accessories
TEC-PH-10002262,Technology,Phones
TEC-PH-10002293,Technology,Phones
TEC-PH-10002726,Technology,Phones
FUR-FU-10003878,Furniture,Furnishings
OFF-BI-10001982,Office Supplies,Binders
OFF-BI-10002897,Office Supplies,Binders
OFF-BI-10003476,Office Supplies,Binders
OFF-LA-10004677,Office Supplies,Labels
OFF-PA-10003016,Office Supplies,Paper
OFF-SU-10000946,Office Supplies,Supplies
TEC-PH-10002085,Technology,Phones
FUR-CH-10002024,Furniture,Chairs
FUR-FU-10000719,Furniture,Furnishings
FUR-FU-10003535,Furniture,Furnishings
OFF-BI-10003094,Office Supplies,Binders
OFF-PA-10001622,Office Supplies,Paper
OFF-PA-10001661,Office Supplies,Paper
OFF-SU-10000952,Office Supplies,Supplies
TEC-AC-10002076,Technology,Accessories
TEC-PH-10001760,Technology,Phones
FUR-CH-10000749,Furniture,Chairs
FUR-CH-10004289,Furniture,Chairs
OFF-AP-10001293,Office Supplies,Appliances
OFF-AP-10002998,Office Supplies,Appliances
OFF-AR-10003958,Office Supplies,Art
OFF-BI-10002353,Office Supplies,Binders
OFF-BI-10002393,Office Supplies,Binders
OFF-FA-10001883,Office Supplies,Fasteners
TEC-AC-10003038,Technology,Accessories
TEC-PH-10001615,Technology,Phones
FUR-FU-10002107,Furniture,Furnishings
FUR-FU-10002191,Furniture,Furnishings
FUR-TA-10001691,Furniture,Tables
OFF-AR-10004260,Office Supplies,Art
OFF-SU-10000432,Office Supplies,Supplies
TEC-PH-10001700,Technology,Phones
TEC-PH-10003988,Technology,Phones
TEC-PH-10004977,Technology,Phones
FUR-CH-10003774,Furniture,Chairs
FUR-CH-10004287,Furniture,Chairs
OFF-AR-10000940,Office Supplies,Art
OFF-AR-10003394,Office Supplies,Art
OFF-AR-10004022,Office Supplies,Art
OFF-BI-10002215,Office Supplies,Binders
OFF-FA-10000621,Office Supplies,Fasteners
OFF-FA-10001135,Office Supplies,Fasteners
OFF-PA-10000029,Office Supplies,Paper
TEC-AC-10003614,Technology,Accessories
TEC-PH-10001949,Technology,Phones
TEC-PH-10003273,Technology,Phones
FUR-FU-10003724,Furniture,Furnishings
FUR-FU-10004071,Furniture,Furnishings
FUR-FU-10004622,Furniture,Furnishings
OFF-BI-10000829,Office Supplies,Binders
OFF-PA-10000327,Office Supplies,Paper
OFF-PA-10000501,Office Supplies,Paper
OFF-PA-10002120,Office Supplies,Paper
OFF-PA-10004782,Office Supplies,Paper
TEC-MA-10003979,Technology,Machines
TEC-PH-10002350,Technology,Phones
FUR-FU-10000076,Furniture,Furnishings
FUR-FU-10001979,Furniture,Furnishings
FUR-FU-10003489,Furniture,Furnishings
FUR-FU-10004053,Furniture,Furnishings
FUR-TA-10002607,Furniture,Tables
OFF-AR-10001130,Office Supplies,Art
OFF-BI-10004099,Office Supplies,Binders
OFF-PA-10001569,Office Supplies,Paper
TEC-PH-10000307,Technology,Phones
TEC-PH-10002564,Technology,Phones
FUR-BO-10003159,Furniture,Bookcases
FUR-BO-10004015,Furniture,Bookcases
FUR-CH-10001891,Furniture,Chairs
FUR-FU-10000175,Furniture,Furnishings
OFF-AP-10000026,Office Supplies,Appliances
OFF-FA-10000992,Office Supplies,Fasteners
TEC-AC-10003116,Technology,Accessories
TEC-PH-10000439,Technology,Phones
FUR-TA-10003238,Furniture,Tables
OFF-BI-10002133,Office Supplies,Binders
OFF-LA-10001613,Office Supplies,Labels
OFF-PA-10000249,Office Supplies,Paper
OFF-PA-10004040,Office Supplies,Paper
TEC-AC-10000358,Technology,Accessories
TEC-PH-10002680,Technology,Phones
TEC-PH-10004896,Technology,Phones
FUR-FU-10001487,Furniture,Furnishings
OFF-AP-10004052,Office Supplies,Appliances
OFF-BI-10001718,Office Supplies,Binders
OFF-BI-10003196,Office Supplies,Binders
OFF-FA-10000585,Office Supplies,Fasteners
OFF-PA-10001725,Office Supplies,Paper
OFF-PA-10004888,Office Supplies,Paper
TEC-AC-10003911,Technology,Accessories
FUR-BO-10004409,Furniture,Bookcases
FUR-FU-10004597,Furniture,Furnishings
OFF-AP-10004249,Office Supplies,Appliances
OFF-AR-10003772,Office Supplies,Art
OFF-BI-10004318,Office Supplies,Binders
OFF-PA-10002259,Office Supplies,Paper
OFF-PA-10004156,Office Supplies,Paper
OFF-SU-10002189,Office Supplies,Supplies
FUR-BO-10001619,Furniture,Bookcases
FUR-FU-10000246,Furniture,Furnishings
OFF-AR-10000896,Office Supplies,Art
OFF-AR-10003156,Office Supplies,Art
OFF-AR-10004648,Office Supplies,Art
OFF-PA-10003657,Office Supplies,Paper
OFF-ST-10000675,Office Supplies,Storage
TEC-AC-10000158,Technology,Accessories
TEC-AC-10003590,Technology,Accessories
FUR-FU-10001215,Furniture,Furnishings
FUR-TA-10003748,Furniture,Tables
OFF-AP-10004708,Office Supplies,Appliances
OFF-AR-10003190,Office Supplies,Art
OFF-BI-10004781,Office Supplies,Binders
OFF-LA-10001934,Office Supplies,Labels
TEC-AC-10000290,Technology,Accessories
TEC-AC-10001767,Technology,Accessories
TEC-PH-10004042,Technology,Phones
